[{"model": "base.order", "pk": 12, "fields": {"user": 1, "paymentMethod": "PayPal", "taxPrice": "117.25", "shippingPrice": "0.00", "totalPrice": "1547.16", "isPaid": false, "paidAt": null, "isDelivered": false, "deliveredAt": null, "createdAt": "2021-01-22T00:14:20.457Z"}}, {"model": "base.order", "pk": 13, "fields": {"user": 1, "paymentMethod": "PayPal", "taxPrice": "117.25", "shippingPrice": "0.00", "totalPrice": "1547.16", "isPaid": false, "paidAt": null, "isDelivered": false, "deliveredAt": null, "createdAt": "2021-01-22T00:14:20.457Z"}}, {"model": "base.order", "pk": 14, "fields": {"user": 1, "paymentMethod": "PayPal", "taxPrice": "117.25", "shippingPrice": "0.00", "totalPrice": "1547.16", "isPaid": false, "paidAt": null, "isDelivered": false, "deliveredAt": null, "createdAt": "2021-01-22T00:14:20.457Z"}}, {"model": "base.order", "pk": 15, "fields": {"user": 1, "paymentMethod": "PayPal", "taxPrice": "117.25", "shippingPrice": "0.00", "totalPrice": "1547.16", "isPaid": false, "paidAt": null, "isDelivered": false, "deliveredAt": null, "createdAt": "2021-01-22T00:14:20.457Z"}}, {"model": "base.order", "pk": 16, "fields": {"user": 1, "paymentMethod": "PayPal", "taxPrice": "117.25", "shippingPrice": "0.00", "totalPrice": "1547.16", "isPaid": false, "paidAt": null, "isDelivered": false, "deliveredAt": null, "createdAt": "2021-01-22T00:14:20.457Z"}}, {"model": "base.order", "pk": 17, "fields": {"user": 1, "paymentMethod": "PayPal", "taxPrice": "117.25", "shippingPrice": "0.00", "totalPrice": "1547.16", "isPaid": false, "paidAt": null, "isDelivered": false, "deliveredAt": null, "createdAt": "2021-01-22T00:14:20.457Z"}}, {"model": "base.order", "pk": 18, "fields": {"user": 1, "paymentMethod": "PayPal", "taxPrice": "117.25", "shippingPrice": "0.00", "totalPrice": "1547.16", "isPaid": false, "paidAt": null, "isDelivered": false, "deliveredAt": null, "createdAt": "2021-01-22T00:14:20.457Z"}}, {"model": "base.order", "pk": 19, "fields": {"user": 1, "paymentMethod": "PayPal", "taxPrice": "117.25", "shippingPrice": "0.00", "totalPrice": "1547.16", "isPaid": false, "paidAt": null, "isDelivered": false, "deliveredAt": null, "createdAt": "2021-01-22T00:14:20.457Z"}}, {"model": "base.order", "pk": 20, "fields": {"user": 1, "paymentMethod": "PayPal", "taxPrice": "117.25", "shippingPrice": "0.00", "totalPrice": "1547.16", "isPaid": false, "paidAt": null, "isDelivered": false, "deliveredAt": null, "createdAt": "2021-01-22T00:14:20.457Z"}}, {"model": "base.order", "pk": 21, "fields": {"user": 1, "paymentMethod": "PayPal", "taxPrice": "117.25", "shippingPrice": "0.00", "totalPrice": "1547.16", "isPaid": false, "paidAt": null, "isDelivered": false, "deliveredAt": null, "createdAt": "2021-01-22T00:14:20.457Z"}}, {"model": "base.order", "pk": 22, "fields": {"user": 1, "paymentMethod": "PayPal", "taxPrice": "117.25", "shippingPrice": "0.00", "totalPrice": "1547.16", "isPaid": false, "paidAt": null, "isDelivered": false, "deliveredAt": null, "createdAt": "2021-01-22T00:14:20.457Z"}}, {"model": "base.order", "pk": 23, "fields": {"user": 1, "paymentMethod": "PayPal", "taxPrice": "117.25", "shippingPrice": "0.00", "totalPrice": "1547.16", "isPaid": false, "paidAt": null, "isDelivered": false, "deliveredAt": null, "createdAt": "2021-01-22T00:14:20.457Z"}}, {"model": "base.order", "pk": 24, "fields": {"user": 1, "paymentMethod": "PayPal", "taxPrice": "36.90", "shippingPrice": "0.00", "totalPrice": "486.85", "isPaid": false, "paidAt": null, "isDelivered": false, "deliveredAt": null, "createdAt": "2021-01-22T00:14:20.457Z"}}, {"model": "base.order", "pk": 25, "fields": {"user": 1, "paymentMethod": "PayPal", "taxPrice": "381.30", "shippingPrice": "0.00", "totalPrice": "5031.25", "isPaid": false, "paidAt": null, "isDelivered": false, "deliveredAt": null, "createdAt": "2021-01-22T00:14:20.457Z"}}, {"model": "base.order", "pk": 26, "fields": {"user": 1, "paymentMethod": "PayPal", "taxPrice": "47.56", "shippingPrice": "0.00", "totalPrice": "627.53", "isPaid": false, "paidAt": null, "isDelivered": false, "deliveredAt": null, "createdAt": "2021-01-22T00:14:20.457Z"}}, {"model": "base.order", "pk": 27, "fields": {"user": 1, "paymentMethod": "PayPal", "taxPrice": "54.94", "shippingPrice": "0.00", "totalPrice": "724.90", "isPaid": false, "paidAt": null, "isDelivered": false, "deliveredAt": null, "createdAt": "2021-01-22T00:14:20.457Z"}}, {"model": "base.order", "pk": 28, "fields": {"user": 1, "paymentMethod": "PayPal", "taxPrice": "100.86", "shippingPrice": "0.00", "totalPrice": "1330.83", "isPaid": true, "paidAt": "2021-01-05T23:58:05Z", "isDelivered": true, "deliveredAt": "2021-01-20T17:29:33.639Z", "createdAt": "2021-01-22T00:14:20.457Z"}}, {"model": "base.order", "pk": 29, "fields": {"user": 1, "paymentMethod": "PayPal", "taxPrice": "162.36", "shippingPrice": "0.00", "totalPrice": "2142.31", "isPaid": true, "paidAt": "2021-01-15T14:50:18.094Z", "isDelivered": true, "deliveredAt": "2021-01-20T17:31:34.481Z", "createdAt": "2021-01-22T00:14:20.457Z"}}, {"model": "base.product", "pk": 1, "fields": {"user": 1, "name": "Airpods Wireless Bluetooth Headphones", "image": "airpods.jpg", "brand": "Apple", "category": "Electronics", "description": "Bluetooth technology lets you connect it with compatible devices wirelessly High-quality AAC audio offers immersive listening experience Built-in microphone allows you to take calls while working", "rating": "4.00", "numReviews": 2, "price": "89.99", "countInStock": 5, "createdAt": "2020-12-24T00:33:52.148Z"}}, {"model": "base.product", "pk": 2, "fields": {"user": 1, "name": "iPhone 11 Pro 256GB Memory", "image": "phone.jpg", "brand": "Apple", "category": "Electronics", "description": "Introducing the iPhone 11 Pro. A transformative triple-camera system that adds tons of capability without complexity. An unprecedented leap in battery life", "rating": "4.00", "numReviews": 8, "price": "599.99", "countInStock": 7, "createdAt": "2020-12-24T04:08:14.324Z"}}, {"model": "base.product", "pk": 3, "fields": {"user": 1, "name": "Cannon EOS 80D DSLR Camera", "image": "camera_DeAtR52.jpg", "brand": "Cannon", "category": "Electronics", "description": "Characterized by versatile imaging specs, the Canon EOS 80D further clarifies itself using a pair of robust focusing systems and an intuitive design", "rating": "3.00", "numReviews": 12, "price": "929.99", "countInStock": 0, "createdAt": "2020-12-24T19:39:42.787Z"}}, {"model": "base.product", "pk": 4, "fields": {"user": 1, "name": "Sony Playstation 4 Pro White Version ", "image": "playstation.jpg", "brand": "Sony ", "category": "Electronics ", "description": "The ultimate home entertainment center starts with PlayStation. Whether you are into gaming, HD movies, television, music", "rating": "4.00", "numReviews": 1, "price": "399.99", "countInStock": 178, "createdAt": "2020-12-24T19:40:52.684Z"}}, {"model": "base.product", "pk": 5, "fields": {"user": 1, "name": "Logitech G-Series Gaming Mouse", "image": "mouse.jpg", "brand": "Logitech", "category": "Electronics", "description": "Get a better handle on your games with this Logitech LIGHTSYNC gaming mouse. The six programmable buttons allow customization for a smooth playing experience", "rating": "3.50", "numReviews": 10, "price": "49.99", "countInStock": 7, "createdAt": "2020-12-24T19:41:47.595Z"}}, {"model": "base.product", "pk": 6, "fields": {"user": 1, "name": "Amazon Echo Dot 3rd Generation", "image": "alexa.jpg", "brand": "Amazon", "category": "Electronics", "description": "Meet Echo Dot - Our most popular smart speaker with a fabric design. It is our most compact smart speaker that fits perfectly into small space", "rating": "4.00", "numReviews": 12, "price": "29.99", "countInStock": 1, "createdAt": "2020-12-24T19:42:31.546Z"}}, {"model": "base.review", "pk": 1, "fields": {"product": 1, "user": 1, "name": "Dennis Ivanov", "rating": 3, "comment": "Good Product", "createdAt": "2021-01-22T01:10:19.602Z"}}, {"model": "base.review", "pk": 3, "fields": {"product": 1, "user": 1, "name": "Jack", "rating": 5, "comment": "Loved it!\n", "createdAt": "2021-01-22T04:07:51.505Z"}}, {"model": "base.shippingaddress", "pk": 12, "fields": {"order": 12, "address": "1600 PA Ave", "city": "Washington", "postalCode": "888888", "country": "USA", "shippingPrice": null}}, {"model": "base.shippingaddress", "pk": 13, "fields": {"order": 13, "address": "1600 PA Ave", "city": "Washington", "postalCode": "888888", "country": "USA", "shippingPrice": null}}, {"model": "base.shippingaddress", "pk": 14, "fields": {"order": 14, "address": "1600 PA Ave", "city": "Washington", "postalCode": "888888", "country": "USA", "shippingPrice": null}}, {"model": "base.shippingaddress", "pk": 15, "fields": {"order": 15, "address": "1600 PA Ave", "city": "Washington", "postalCode": "888888", "country": "USA", "shippingPrice": null}}, {"model": "base.shippingaddress", "pk": 16, "fields": {"order": 16, "address": "1600 PA Ave", "city": "Washington", "postalCode": "888888", "country": "USA", "shippingPrice": null}}, {"model": "base.shippingaddress", "pk": 17, "fields": {"order": 17, "address": "1600 PA Ave", "city": "Washington", "postalCode": "888888", "country": "USA", "shippingPrice": null}}, {"model": "base.shippingaddress", "pk": 18, "fields": {"order": 18, "address": "1600 PA Ave", "city": "Washington", "postalCode": "888888", "country": "USA", "shippingPrice": null}}, {"model": "base.shippingaddress", "pk": 19, "fields": {"order": 19, "address": "1600 PA Ave", "city": "Washington", "postalCode": "888888", "country": "USA", "shippingPrice": null}}, {"model": "base.shippingaddress", "pk": 20, "fields": {"order": 20, "address": "1600 PA Ave", "city": "Washington", "postalCode": "888888", "country": "USA", "shippingPrice": null}}, {"model": "base.shippingaddress", "pk": 21, "fields": {"order": 21, "address": "1600 PA Ave", "city": "Washington", "postalCode": "888888", "country": "USA", "shippingPrice": null}}, {"model": "base.shippingaddress", "pk": 22, "fields": {"order": 22, "address": "1600 PA Ave", "city": "Washington", "postalCode": "888888", "country": "USA", "shippingPrice": null}}, {"model": "base.shippingaddress", "pk": 23, "fields": {"order": 23, "address": "1600 PA Ave", "city": "Washington", "postalCode": "888888", "country": "USA", "shippingPrice": null}}, {"model": "base.shippingaddress", "pk": 24, "fields": {"order": 24, "address": "1600 PA Ave", "city": "Washington", "postalCode": "888888", "country": "USA", "shippingPrice": null}}, {"model": "base.shippingaddress", "pk": 25, "fields": {"order": 25, "address": "1600 PA Ave", "city": "Washington", "postalCode": "888888", "country": "USA", "shippingPrice": null}}, {"model": "base.shippingaddress", "pk": 26, "fields": {"order": 26, "address": "1600 PA Ave", "city": "Washington", "postalCode": "888888", "country": "USA", "shippingPrice": null}}, {"model": "base.shippingaddress", "pk": 27, "fields": {"order": 27, "address": "1600 PA Ave", "city": "Washington", "postalCode": "888888", "country": "USA", "shippingPrice": null}}, {"model": "base.shippingaddress", "pk": 28, "fields": {"order": 28, "address": "1600 PA Ave", "city": "Washington", "postalCode": "888888", "country": "USA", "shippingPrice": null}}, {"model": "base.shippingaddress", "pk": 29, "fields": {"order": 29, "address": "1600 PA Ave", "city": "Washington", "postalCode": "888888", "country": "USA", "shippingPrice": null}}]